{
  "accuracy": 0.6732283464566929,
  "cv_mean": 0.6882574460801096,
  "cv_std": 0.011487682991190086,
  "n_total": 1267,
  "n_train": 1013,
  "n_test": 254,
  "classes": [
    "Critical",
    "Medium",
    "Low"
  ],
  "confusion_matrix": [
    [
      27,
      17,
      5
    ],
    [
      10,
      76,
      12
    ],
    [
      6,
      33,
      68
    ]
  ],
  "report": {
    "Critical": {
      "precision": 0.627906976744186,
      "recall": 0.5510204081632653,
      "f1-score": 0.5869565217391305,
      "support": 49.0
    },
    "Medium": {
      "precision": 0.6031746031746031,
      "recall": 0.7755102040816326,
      "f1-score": 0.6785714285714286,
      "support": 98.0
    },
    "Low": {
      "precision": 0.8,
      "recall": 0.6355140186915887,
      "f1-score": 0.7083333333333334,
      "support": 107.0
    },
    "accuracy": 0.6732283464566929,
    "macro avg": {
      "precision": 0.6770271933062629,
      "recall": 0.6540148769788289,
      "f1-score": 0.6579537612146309,
      "support": 254.0
    },
    "weighted avg": {
      "precision": 0.6908604447699851,
      "recall": 0.6732283464566929,
      "f1-score": 0.6734351820152916,
      "support": 254.0
    }
  },
  "feature_importances": [
    [
      "NRS_pain",
      0.25007533963135803
    ],
    [
      "chest_pain",
      0.22609209892593532
    ],
    [
      "Mental",
      0.21112544227829141
    ],
    [
      "Injury",
      0.1187649308304445
    ],
    [
      "abdominal_pain",
      0.066290010044688
    ],
    [
      "Arrival mode",
      0.055206637128261356
    ],
    [
      "SBP",
      0.0418659239268379
    ],
    [
      "Age",
      0.030579617234183506
    ],
    [
      "DBP",
      0.0
    ],
    [
      "HR",
      0.0
    ],
    [
      "RR",
      0.0
    ],
    [
      "BT",
      0.0
    ],
    [
      "Saturation",
      0.0
    ],
    [
      "Sex",
      0.0
    ],
    [
      "Pain",
      0.0
    ],
    [
      "breathing_difficulty",
      0.0
    ],
    [
      "head_or_neuro",
      0.0
    ],
    [
      "fever",
      0.0
    ],
    [
      "injury_trauma",
      0.0
    ],
    [
      "bleeding",
      0.0
    ],
    [
      "shock_index",
      0.0
    ],
    [
      "pulse_pressure",
      0.0
    ],
    [
      "mean_arterial_pressure",
      0.0
    ],
    [
      "abnormal_vitals",
      0.0
    ]
  ],
  "class_counts": {
    "Low": 534,
    "Medium": 487,
    "Critical": 246
  },
  "tree_text": "|--- chest_pain <= 0.50\n|   |--- Mental <= 1.50\n|   |   |--- Injury <= 1.50\n|   |   |   |--- NRS_pain <= 3.50\n|   |   |   |   |--- NRS_pain <= 0.50\n|   |   |   |   |   |--- SBP <= 90.50\n|   |   |   |   |   |   |--- class: Critical\n|   |   |   |   |   |--- SBP >  90.50\n|   |   |   |   |   |   |--- class: Medium\n|   |   |   |   |--- NRS_pain >  0.50\n|   |   |   |   |   |--- Age <= 57.50\n|   |   |   |   |   |   |--- class: Low\n|   |   |   |   |   |--- Age >  57.50\n|   |   |   |   |   |   |--- class: Low\n|   |   |   |--- NRS_pain >  3.50\n|   |   |   |   |--- abdominal_pain <= 0.50\n|   |   |   |   |   |--- NRS_pain <= 7.50\n|   |   |   |   |   |   |--- class: Medium\n|   |   |   |   |   |--- NRS_pain >  7.50\n|   |   |   |   |   |   |--- class: Critical\n|   |   |   |   |--- abdominal_pain >  0.50\n|   |   |   |   |   |--- class: Medium\n|   |   |--- Injury >  1.50\n|   |   |   |--- Arrival mode <= 3.50\n|   |   |   |   |--- class: Low\n|   |   |   |--- Arrival mode >  3.50\n|   |   |   |   |--- class: Critical\n|   |--- Mental >  1.50\n|   |   |--- class: Critical\n|--- chest_pain >  0.50\n|   |--- class: Critical\n"
}